id,name,price,image_url,rakuten_url,yahoo_url,amazon_url,page_url,category,ai_headline,ai_analysis,description,ai_summary,tags,date,main_ec_site,price_history,source,rakuten_point_rate
mantubiz:10002537,1万円OFFクーポン Webカメラ&テンキー付き ノートパソコン 中古 パソコン メモリ 16GB 最大32GB 新品 SSD 512GB 高性能 第6世代 Core i5搭載 中古ノートパソコン Windows10 Windows11 店長オススメ 超高速SSD おまかせ 15.6型 無線LAN DVD office付き 2025 福袋 ギフト,29800,https://thumbnail.image.rakuten.co.jp/@0_mall/mantubiz/cabinet/05873262/2103201910/10002103-logo-250925.jpg?_ex=128x128,https://item.rakuten.co.jp/mantubiz/10002103/?rafcid=wsc_i_is_1078634049212507155,https://shopping.yahoo.co.jp/search?p=1%E4%B8%87%E5%86%86OFF%E3%82%AF%E3%83%BC%E3%83%9D%E3%83%B3%20Web%E3%82%AB%E3%83%A1%E3%83%A9%26%E3%83%86%E3%83%B3%E3%82%AD%E3%83%BC%E4%BB%98%E3%81%8D%20%E3%83%8E%E3%83%BC%E3%83%88%E3%83%91%E3%82%BD%E3%82%B3%E3%83%B3%20%E4%B8%AD%E5%8F%A4%20%E3%83%91%E3%82%BD%E3%82%B3%E3%83%B3%20%E3%83%A1%E3%83%A2%E3%83%AA%2016GB%20%E6%9C%80%E5%A4%A732GB%20%E6%96%B0%E5%93%81%20SSD%20512GB%20%E9%AB%98%E6%80%A7%E8%83%BD%20%E7%AC%AC6%E4%B8%96%E4%BB%A3%20Core%20i5%E6%90%AD%E8%BC%89%20%E4%B8%AD%E5%8F%A4%E3%83%8E%E3%83%BC%E3%83%88%E3%83%91%E3%82%BD%E3%82%B3%E3%83%B3%20Windows10%20Windows11%20%E5%BA%97%E9%95%B7%E3%82%AA%E3%82%B9%E3%82%B9%E3%83%A1%20%E8%B6%85%E9%AB%98%E9%80%9FSSD%20%E3%81%8A%E3%81%BE%E3%81%8B%E3%81%9B%2015.6%E5%9E%8B%20%E7%84%A1%E7%B7%9ALAN%20DVD%20office%E4%BB%98%E3%81%8D%202025%20%E7%A6%8F%E8%A2%8B%20%E3%82%AE%E3%83%95%E3%83%88,https://amzn.to/46zr68v,pages/mantubiz_10002537.html,"{""main"": ""パソコン・周辺機器"", ""sub"": ""ノートパソコン""}",最安値！1万円OFFクーポンで実質19800円！,現在の中古ノートパソコンの価格は29800円ですが、1万円OFFクーポンを適用すると実質的に19800円で購入できます。この価格は同じ商品の過去の価格に対しても競争力があり、特に以前の価格履歴からも下落傾向は見られません。また、楽天ポイント還元率1%も考慮すると、298円分のポイントが付与されるため、実質的な購入価格は19502円となります。この価格での購入は特に魅力的で、性能（16GBメモリ、512GB SSD、Core i5など）を考慮すると、コストパフォーマンスが非常に高いと言えます。したがって、現在は買い時と言えます。,"●　大画面15.6型ワイド液晶搭載、仕事だけでなく、映画鑑賞にもおすすめします♪ ●　高性能 第6世代i5 CPUにアップグレードで、高速メモリも新品16GBに無料アップ、HDDもSSD 240GB(新品512GBにUP)へ交換済み、Windows10でサクサク動作します♪ ●　DVDドライブ搭載、CD・DVD再生やDVD映画を楽しみしましょう♪ ●　Windows10/11搭載の中古ノートパソコンです、マイクロソフト提供の正規ソフトからインストール済みの為安心です♪ ●　Webカメラ、テンキー、無線マウス、USBハブを備えた実用的なセット♪ ●　操作OS、 Officeソフト、 Google ChromeとDVD Playerセットアップ済み、初心者にもオススメ、届いてから、すぐつかえます♪ 商品説明 メーカー メーカーはお選び頂けません。(例FUJITSU、NEC、TOSHIBA、DELL、HPなどブランドメーカー) CPU 第6世代Core i5 (無償アップグレード中！) (プルダウンメニューから or【+1,000円第7世代i5に変更】 or【+8,000円第8世代i5に変更】 or【+20,000円第10世代i5に変更】 選択可能) メモリ 高速8GB→新品16GBにUP中 ※アップ済み。ネット動画もサクサク観れます! HDD/SSD 新品 SSD 240GB　→新品 512GBにUP中 (プルダウンメニューから【+8,000円で新品HDD1TBに変更】or【+8,000円で新品SSD1TB変更】 or【-5,000円で中古HDD500GBに変更】選択可能) 無線LAN 内蔵また新品小型USB無線LANアダプタ付属 ドライブ DVDドライブ（CD・DVD再生） 液晶サイズ/最大解析度 15.6型ワイド液晶/1366x768 ※画面が大きくて、目に優しくて、仕事もネット動画鑑賞にもおすすめ！ インターフェイス 有線LAN、無線LAN(内蔵、または新品USBアダプタ)、アナログRGB(D-Sub 15ピン)、USB3.0ポートなど 操作OS Windows10 64ビット (第8世代i5 CPU搭載モデルのみWindows11選択可能) 付属品 パソコン本体/ACアダプター/KINGSOFTライセンスカード（オフィス）/操作マニュアル/無線マウス(色お任せ) インストール済みソフト WPSOffice(KINGSOFTOffice)、Google Chrome ウェブブラウザ、DVD Player リカバリ形式 なし (※リカバリーディスクはお客様ご自身で簡単に作成できます。 作成方法は同梱のマニュアルをご参照ください。) 附属バッテリー ※付属のバッテリーは消耗品のため保証対象外となります。 【外観について】 中古品ですので若干傷・文字消え・キーテカリ・塗装剥れ・汚れ等がございます。予めご了承下さいませ。 ※汚れ等は、当店スタッフが丁寧にクリーニング済み。 ※2022年02月18日より、無料保証期間を変更しました。 ※2023年09月27日より、DVDドライブの仕様を変更しました。 【附属バッテリーについて】 バッテリー(充電池)は消耗品のため、バッテリー利用でのパソコンの使用、バッテリー充電、バッテリー稼働時間については保証対象外となります。中古バッテリーのため、バッテリー利用でのパソコン使用ができない商品もございます。 その場合は新品バッテリーをお買い求め頂くか、もしくはバッテリーリフレッシュサービスをご利用ください。2023楽天年間ランキング入賞 詳細はコチラ",格安の中古ノートパソコンが誕生！高性能第6世代Core i5、メモリ16GB、新品SSD 512GB搭載でサクサク処理します。大画面15.6型液晶は仕事や映画鑑賞にも最適。WebカメラやDVDドライブ付きで、Windows10/11、オフィスソフトもインストール済み。今なら1万円OFFクーポンも！お手頃価格で高性能なパソコンを手に入れるチャンス！,"[""中古ノートパソコン"", ""高性能"", ""Webカメラ"", ""Officeソフト付き"", ""格安""]",2025-09-25,楽天,"[{""date"": ""2025-09-25"", ""price"": 29800}]",rakuten,1
pckujira:10217770,【本日お得！】 楽天年間1位 中古 パソコン Win11 正式対応 日本人サポート 中古ノートパソコン おすすめ 新品SSD テンキー付 第8世代 NEC Corei5 8GB Office付 初期設定不要 整備済み Windows11 ノートパソコン パソコン ノートPC 中古ノート 中古pc pc,32999,https://thumbnail.image.rakuten.co.jp/@0_mall/pckujira/cabinet/ad7/2002-740-250410.jpg?_ex=128x128,https://item.rakuten.co.jp/pckujira/omakase2002/?rafcid=wsc_i_is_1078634049212507155,https://shopping.yahoo.co.jp/search?p=%E3%80%90%E6%9C%AC%E6%97%A5%E3%81%8A%E5%BE%97%EF%BC%81%E3%80%91%20%E6%A5%BD%E5%A4%A9%E5%B9%B4%E9%96%931%E4%BD%8D%20%E4%B8%AD%E5%8F%A4%20%E3%83%91%E3%82%BD%E3%82%B3%E3%83%B3%20Win11%20%E6%AD%A3%E5%BC%8F%E5%AF%BE%E5%BF%9C%20%E6%97%A5%E6%9C%AC%E4%BA%BA%E3%82%B5%E3%83%9D%E3%83%BC%E3%83%88%20%E4%B8%AD%E5%8F%A4%E3%83%8E%E3%83%BC%E3%83%88%E3%83%91%E3%82%BD%E3%82%B3%E3%83%B3%20%E3%81%8A%E3%81%99%E3%81%99%E3%82%81%20%E6%96%B0%E5%93%81SSD%20%E3%83%86%E3%83%B3%E3%82%AD%E3%83%BC%E4%BB%98%20%E7%AC%AC8%E4%B8%96%E4%BB%A3%20NEC%20Corei5%208GB%20Office%E4%BB%98%20%E5%88%9D%E6%9C%9F%E8%A8%AD%E5%AE%9A%E4%B8%8D%E8%A6%81%20%E6%95%B4%E5%82%99%E6%B8%88%E3%81%BF%20Windows11%20%E3%83%8E%E3%83%BC%E3%83%88%E3%83%91%E3%82%BD%E3%82%B3%E3%83%B3%20%E3%83%91%E3%82%BD%E3%82%B3%E3%83%B3%20%E3%83%8E%E3%83%BC%E3%83%88PC%20%E4%B8%AD%E5%8F%A4%E3%83%8E%E3%83%BC%E3%83%88%20%E4%B8%AD%E5%8F%A4pc%20pc,https://amzn.to/46zr68v,pages/pckujira_10217770.html,"{""main"": ""パソコン・周辺機器"", ""sub"": ""ノートパソコン""}",現在の価格32999円はお得！ポイント還元で実質価格32369円,現在の楽天価格は32999円で、1%のポイント還元により、実質的な負担額は32369円となります。このような中古ノートパソコンは需要が高く、今後価格が上昇する可能性があるため、購入のタイミングとしては非常に良いです。過去の価格履歴を見る限り、特に割引は確認できませんが、ポイント還元を考慮すると、実質的にはお得です。特にWindows11に対応した高性能なモデルであるため、必要な機能をリーズナブルに手に入れるチャンスと言えるでしょう。,"製品の仕様 メーカー/型番 【当店No.1】中古 パソコン くじらや 店長おまかせNEC 中古ノートパソコン　 安心の一流品質NEC製で、今なら便利なテンキー付き確定！ OS Windows11 Pro 64bit　最新OS正式対応で長い目で見ても、安心！ CPU Intel Corei5 第8世代　Win11正式対応の第8世代高性能Corei5で高速処理！ メインメモリ 8 GB 　　有料オプションで変更可能 16GBメモリへ変更+3,400円 記録装置 新品 240 GB SSD　　新品＆高品質なクルーシャル製SSD採用！新品PC並の安心感！　有料オプションで変更可能 新品500GB SSDへ変更+7,000円 光学メディア 内蔵しておりません ディスプレイ 15.6型 1366×768 有線LAN あり　 無線LAN(Wi-Fi) あり ( 内蔵 または 小型USBLANアダプタ 2.4GHzのみ対応)　 Bluetooth なし WEBカメラ なし テンキー あり USB USB USB3.0×4以上高速通信可能なUSB3.0が4ポート以上搭載！ HDMI端子 あり　プロジェクターなどにも接続出来るHDMIを標準搭載！ SDcardスロット あり　 その他 接続端子 D-sub×1　 付属品 WPS officeライセンスカード、簡単マニュアル(冊子)、ACアダプタ、新品有線マウス　　付属のオフィスソフトはワードやエクセルやパワーポイントの互換ソフトです バッテリー 充電可　※バッテリーは保証対象外となります サイズ/重量 [幅] 377 x [奥行き] 255 x [高さ] 27.6 mm 重量 約 2.4 kg　※サイズは目安です 状態（外観） 本体にスレ、擦りキズ、シール跡がございます　 状態（内観） キーボードなど内観にテカリがございます。液晶に小キズがございます　 状態（機能） 当店で動作確認済みです。 その他 この商品はネタ替わり商品です。今回は上記情報の商品でお届けします画像は一例です。オプションを選択された場合は＋3-5営業日です。 オフィスソフト （Word、Excel等） WPS Office (ライセンスカード) マイクロソフトオフィスのファイルが扱えるビジネスソフトの新定番! ※ソフトの利用にはインターネット接続が必要です。 ワード、エクセル、パワーポイントの互換ソフトとなります。 マイクロソフト版と同じ保存形式も選べるので、相互利用も安心！ 有料オプションでマイクロソフトオフィスを選択された方には ライセンスカードが付属します。 検索用タグ QQ0000,QQ0101,QQ0201,QQ0304,QQ0306,QQ0406,QQ0503,QQ0602,QQ0702,QQ0900,QQ0999,QQ1004,QQ1005,QQ1008,QQ1101,QQ1001 関連キーワード　※下記は当商品のスペックを表すものではありません 中古パソコン　中古パソコン office付き　おまかせ　中古パソコン ノート office付　中古パソコンwindows11　中古パソコン ノート windows11　中古パソコン office付きwindows11　中古パソコン windows11 8世代　中古 パソコン 楽天　中古 パソコン 市場　中古ノートパソコン　中古ノートパソコン windows11 office付き　中古ノートパソコン windows11　中古ノートパソコン windows11 第8世代　中古ノートパソコン MS office付き　中古ノートパソコン corei5　中古ノートパソコン ssd512gb 16gb　中古 ノートパソコン 本体　中古 ノートパソコン ノート　中古 ノートパソコン windows11 第8世代 SSD テンキー　パソコン　パソコン 中古　パソコン　ノートパソコン　ノートパソコン 中古　ノートパソコン office付き　ノートパソコン 中古 最新　ノートパソコン 中古 windows11　ノートパソコン 中古 office付き　ノートパソコン 中古 windows11 8世代　ノートパソコン 中古 ノート　ノートパソコン office付き 中古　ノートパソコン office付きcore　ノートパソコン office付き windows11　ノートパソコン office付き windows11 15.6インチ　ノートパソコン office付き学生　ノートPC　ノートPC 中古　ノートPC win11 中古　NEC 中古 ノートPC　ノートPC 整備済み　windows11 中古 ノートpc　PC　PC 中古　PC 中古 ノート　PC 中古 ノートパソコン　中古 pc ノートパソコン　中古 pc　ノートパソコン　中古 pcショップ　中古pc　中古pc ノート　中古pc windows11　ちゅうこpc　microsoft office　マイクロソフトオフィス　テレワーク excel　安い　アウトレット　福袋　大容量　秒速起動　在宅勤務　安い　word excel powerpointワード エクセル パワーポイント　国産 新中古　母の日　父の日　敬老の日　プレゼント",本日限定の格安セール！楽天年間1位を獲得した中古パソコン、NEC製のノートパソコンが登場。Windows11に正式対応、高性能のIntel Corei5と8GBメモリを搭載し、高速処理が可能です。新品240GB SSDを採用し、安心の品質を提供。オフィスソフト（WPS Office）も付属しており、初期設定なしですぐに使用可能。お得な価格で家庭やテレワークに最適なノートPCを手に入れよう！,"[""格安"", ""中古パソコン"", ""NEC"", ""Windows11"", ""WPS Office""]",2025-09-25,楽天,"[{""date"": ""2025-09-25"", ""price"": 32999}]",rakuten,1
e-kit:10042595,＼高品質 高コスパ／ 冷蔵庫 マット 冷蔵庫マット クリア 透明 床暖房 冷蔵庫下マット キズ 凹み 防止 下敷き ポリカーボネート 洗濯機 SNSで大人気 [S/M/L] [ゼロキーパー],2930,https://thumbnail.image.rakuten.co.jp/@0_mall/e-kit/cabinet/description/ek-kbmr01mcl/ek-kbmr01_1.jpg?_ex=128x128,https://item.rakuten.co.jp/e-kit/ek-kbmr01mcl/?rafcid=wsc_i_is_1078634049212507155,https://shopping.yahoo.co.jp/search?p=%EF%BC%BC%E9%AB%98%E5%93%81%E8%B3%AA%20%E9%AB%98%E3%82%B3%E3%82%B9%E3%83%91%EF%BC%8F%20%E5%86%B7%E8%94%B5%E5%BA%AB%20%E3%83%9E%E3%83%83%E3%83%88%20%E5%86%B7%E8%94%B5%E5%BA%AB%E3%83%9E%E3%83%83%E3%83%88%20%E3%82%AF%E3%83%AA%E3%82%A2%20%E9%80%8F%E6%98%8E%20%E5%BA%8A%E6%9A%96%E6%88%BF%20%E5%86%B7%E8%94%B5%E5%BA%AB%E4%B8%8B%E3%83%9E%E3%83%83%E3%83%88%20%E3%82%AD%E3%82%BA%20%E5%87%B9%E3%81%BF%20%E9%98%B2%E6%AD%A2%20%E4%B8%8B%E6%95%B7%E3%81%8D%20%E3%83%9D%E3%83%AA%E3%82%AB%E3%83%BC%E3%83%9C%E3%83%8D%E3%83%BC%E3%83%88%20%E6%B4%97%E6%BF%AF%E6%A9%9F%20SNS%E3%81%A7%E5%A4%A7%E4%BA%BA%E6%B0%97%20%5BS/M/L%5D%20%5B%E3%82%BC%E3%83%AD%E3%82%AD%E3%83%BC%E3%83%91%E3%83%BC%5D,https://amzn.to/46zr68v,pages/e-kit_10042595.html,"{""main"": ""家電"", ""sub"": ""家電アクセサリー""}",最安値！今が買い時です！,現在の冷蔵庫マットの価格は2930円で、過去の価格履歴を見る限り、これが最安値です。また、楽天ポイント還元率は1%ですが、価格が一定であるため、ポイントを利用して実質的な負担を軽減できます。この商品は特に高コスパで、冷蔵庫下の傷や凹みを防ぐために必要なアイテムですので、今すぐ購入することをお勧めします。,おすすめポイント ・高品質ポリカーボネート。 ・PVCに比べて10倍の耐衝撃性。 ・カビの増殖要素をブロックする防カビ効果。 ・耐薬剤検査済み。 ・厚さ2mmの安心設計。 ・ガラス同等の透明度。 ・安全の角丸加工。 ・床暖房OK、クッションフロアOK ・滑り止めシール付き。 商品仕様 ●サイズ S：約 幅530mm×高さ620mm(厚さ：2mm) M：約 幅650cm×高さ700cm(厚さ：2mm) L：約 幅700cm×高さ750cm(厚さ：2mm) ●素材 ポリカーボネート ●耐荷重 約 450kg以上g ●耐熱 約 120度 ●耐寒 約 -40度 ●透過率 約 90％ ●加工 角丸加工 ●内容品 本体・滑り止めシール×4・説明書 ●保証 2年間品質保証 検索キーワード マット 防振 防音 冷蔵庫 耐震 振動対策 段差調整 耐荷重450kg 4枚セット 透明 凹み防止 ポリカーボネート 凹み 防水 滑り止め キズ 冷蔵庫マット 傷防止マット 日本製 洗濯機ぼうしんマット 洗濯機下敷きマット 下に敷くマット 洗濯機の下に敷くマット 洗濯機したに置くマット 硬質ポリカーボネート 洗濯機したマット 洗濯機のしたにひくマット 滑り止めマット 3d防振 騒音防止 傷防止 下 防止 下敷き 国内正規2年保証 床 冷蔵庫キズ防止マット 透明マット シート 洗濯機のフロアマット 家具下敷き キャスター 保護マット アクリル冷蔵庫シート キズ防止マット ゴムマット ヘコミ 冷蔵庫下 床保護マット 透明シート 洗濯機のフロアマット 保護マット 60 55 70 65 70 75 カビ produce by e-kit▼▽ 新発売！あったかグッズ ▽▼ ▼▽ NEW ARRIVAL ▽▼ 排気口カバー 冷蔵庫マット D型まな板 スライドボックス キッチンドレイン2 耐熱ミトン IHマット 排水口ゴミ受け,＼高品質高コスパの冷蔵庫マット／透明で美しいデザインは、ポリカーボネート製で耐衝撃性はPVCの10倍。防カビ効果で清潔に保ち、安心の厚さ2mmで凹みやキズを防止します。 floor heatingにも対応！今が買い時、セール中で格安価格でご提供！日本製の信頼の品質保証2年付き！,"[""冷蔵庫マット"", ""防振マット"", ""キズ防止"", ""透明シート"", ""ポリカーボネート""]",2025-09-25,楽天,"[{""date"": ""2025-09-25"", ""price"": 2930}]",rakuten,1
treesoyc:10000002,【楽天1位8冠！高評価★4.7 雑誌LDK掲載！選べる特典! 】冷蔵庫マット 透明 度90% キズ 凹み 防止 ボリカーボネート 下敷き 防カビ 薬剤検査済 耐荷重500Kg ポリカ 【収納・不動産のプロ監修】SNSで人気! [CREEKS] 全6size＜2年保証＞,2960,https://thumbnail.image.rakuten.co.jp/@0_gold/treesoyc/PD/RM/mat-6.png?_ex=128x128,https://item.rakuten.co.jp/treesoyc/rm02/?rafcid=wsc_i_is_1078634049212507155,https://shopping.yahoo.co.jp/search?p=%E3%80%90%E6%A5%BD%E5%A4%A91%E4%BD%8D8%E5%86%A0%EF%BC%81%E9%AB%98%E8%A9%95%E4%BE%A1%E2%98%854.7%20%E9%9B%91%E8%AA%8CLDK%E6%8E%B2%E8%BC%89%EF%BC%81%E9%81%B8%E3%81%B9%E3%82%8B%E7%89%B9%E5%85%B8%21%20%E3%80%91%E5%86%B7%E8%94%B5%E5%BA%AB%E3%83%9E%E3%83%83%E3%83%88%20%E9%80%8F%E6%98%8E%20%E5%BA%A690%25%20%E3%82%AD%E3%82%BA%20%E5%87%B9%E3%81%BF%20%E9%98%B2%E6%AD%A2%20%E3%83%9C%E3%83%AA%E3%82%AB%E3%83%BC%E3%83%9C%E3%83%8D%E3%83%BC%E3%83%88%20%E4%B8%8B%E6%95%B7%E3%81%8D%20%E9%98%B2%E3%82%AB%E3%83%93%20%E8%96%AC%E5%89%A4%E6%A4%9C%E6%9F%BB%E6%B8%88%20%E8%80%90%E8%8D%B7%E9%87%8D500Kg%20%E3%83%9D%E3%83%AA%E3%82%AB%20%E3%80%90%E5%8F%8E%E7%B4%8D%E3%83%BB%E4%B8%8D%E5%8B%95%E7%94%A3%E3%81%AE%E3%83%97%E3%83%AD%E7%9B%A3%E4%BF%AE%E3%80%91SNS%E3%81%A7%E4%BA%BA%E6%B0%97%21%20%5BCREEKS%5D%20%E5%85%A86size%EF%BC%9C2%E5%B9%B4%E4%BF%9D%E8%A8%BC%EF%BC%9E,https://amzn.to/46zr68v,pages/treesoyc_10000002.html,"{""main"": ""家電"", ""sub"": ""ホーム用品""}",現在の最安値2960円！ポイント還元1%でお得！,現在の価格は2960円で、過去の価格履歴を見る限り、価格が変動していません。しかし、今の時期は新しいモデルの発売やシーズンの切り替わりで、冷蔵庫マットの需要が増えることが予想されます。さらに、1%の楽天ポイント還元がつくため、実質的にはお得に購入できます。この商品の特性や高評価を考慮すると、今が購入のチャンスといえます。特に、質の高い防カビ機能と耐荷重特性も含まれるため、長期的に見るとコストパフォーマンスにも優れています。,"【防弾シールドに使用される程の強度】""ガラスの250倍""の強度を誇り、ハンマーなどで強打しても割れません！ 地震が起きても破損・飛散することがなく、 冷蔵庫 を置いた時にできる 傷 や 凹み から床を守ります！ 従来品より厚みが増し、さらに床への キズ防止 効果がアップ！重さわずか997gで（Mサイズ）女性でも簡単に設置できます 【ガラスと同等の透明性】可視光線透過率80-90%と、ガラス同等の 透明 性を実現！ どんな床にも馴染み、お部屋のデザインを損ないません。 【クッションフロアでも使用可能】屋外で使用できるほどの耐候性がある素材を採用。 従来品（1.5mm）より厚みのある2mmの素材にアップデート！ 長期使用に最適な、変形しにくい 冷蔵庫マット で床の使用汚れも防ぎ、柔らかいクッションフロアなどでもお使いいただけます 【床暖房対応】耐熱温度は120℃で床暖房にも対応！ 高温の状況でも低温の状況にも強い素材です。 また、電気を通しにく火をつけても燃え広がらない、優れた自己消火性があり、電気・熱にも強く、安心してお使いいただける 冷蔵庫 マット です。 サイズ： ・Sサイズ 53×62cm 〜200Lクラス ・Mサイズ 65×70cm 〜500Lクラス ・角Mサイズ 70×70cm 〜600Lクラス ・Lサイズ 75×70cm 〜600Lクラス ・角Lサイズ 80×80cm 〜700Lクラス ・XLサイズ 90×75cm 〜700Lクラス ・素材：ポリカーボネート ・注意事項：モニターの発色の具合によって実際のものと色が異なる場合があります メーカー希望小売価格はメーカーサイトに基づいて掲載していますメーカー希望小売価格はメーカーサイトに基づいて掲載しています",楽天で1位を獲得した高評価の冷蔵庫マットは、強度と透明性に優れ、床を傷や凹みからしっかり守ります。ポリカーボネート素材を使用し、耐荷重は500Kg、熱にも強く床暖房対応。特典付きで格安で手に入るチャンスをお見逃しなく！セール開催中で最安値での購入が可能です。,"[""冷蔵庫マット"", ""傷防止"", ""耐熱"", ""ポリカーボネート"", ""セール""]",2025-09-25,楽天,"[{""date"": ""2025-09-25"", ""price"": 2960}]",rakuten,1
photolink:10000003,"【全国送料無料】Fotopro［フォトプロ］三脚 DIGI-204 アルミ 4段120cm ブラック,単品-スマートフォンホルダーセット（デジカメ コンデジ ミラーレス スマホ 写真 動画 アウトドア 運動会 学芸会 ビデオカメラ 撮影 配信 軽量 コンパクト シンプル）",2970,https://thumbnail.image.rakuten.co.jp/@0_mall/photolink/cabinet/fotopro/4906238810830_nnv11.jpg?_ex=128x128,https://item.rakuten.co.jp/photolink/4906238806024/?rafcid=wsc_i_is_1078634049212507155,https://shopping.yahoo.co.jp/search?p=%E3%80%90%E5%85%A8%E5%9B%BD%E9%80%81%E6%96%99%E7%84%A1%E6%96%99%E3%80%91Fotopro%EF%BC%BB%E3%83%95%E3%82%A9%E3%83%88%E3%83%97%E3%83%AD%EF%BC%BD%E4%B8%89%E8%84%9A%20DIGI-204%20%E3%82%A2%E3%83%AB%E3%83%9F%204%E6%AE%B5120cm%20%E3%83%96%E3%83%A9%E3%83%83%E3%82%AF%2C%E5%8D%98%E5%93%81-%E3%82%B9%E3%83%9E%E3%83%BC%E3%83%88%E3%83%95%E3%82%A9%E3%83%B3%E3%83%9B%E3%83%AB%E3%83%80%E3%83%BC%E3%82%BB%E3%83%83%E3%83%88%EF%BC%88%E3%83%87%E3%82%B8%E3%82%AB%E3%83%A1%20%E3%82%B3%E3%83%B3%E3%83%87%E3%82%B8%20%E3%83%9F%E3%83%A9%E3%83%BC%E3%83%AC%E3%82%B9%20%E3%82%B9%E3%83%9E%E3%83%9B%20%E5%86%99%E7%9C%9F%20%E5%8B%95%E7%94%BB%20%E3%82%A2%E3%82%A6%E3%83%88%E3%83%89%E3%82%A2%20%E9%81%8B%E5%8B%95%E4%BC%9A%20%E5%AD%A6%E8%8A%B8%E4%BC%9A%20%E3%83%93%E3%83%87%E3%82%AA%E3%82%AB%E3%83%A1%E3%83%A9%20%E6%92%AE%E5%BD%B1%20%E9%85%8D%E4%BF%A1%20%E8%BB%BD%E9%87%8F%20%E3%82%B3%E3%83%B3%E3%83%91%E3%82%AF%E3%83%88%20%E3%82%B7%E3%83%B3%E3%83%97%E3%83%AB%EF%BC%89,https://amzn.to/46zr68v,pages/photolink_10000003.html,"{""main"": ""家電"", ""sub"": ""三脚""}",現在の価格は2970円、「最安値」のチャンス！,現在のFotopro三脚の価格は2970円で、過去の価格履歴によると、これまでの価格は変動が見られず、現在が最安値となっています。この商品は、スマートフォンやデジタルカメラ用の軽量でコンパクトな三脚で、特にアウトドアやイベントでの使用に便利です。また、楽天で購入すると1%のポイント還元があるため、2970円の1%に相当する29ポイントが付与されます。これを考慮すると、実質的には更にお得に購入できる状況です。価格が過去のものと比べて下がっていないことから、買い時はまさに今と言えるでしょう。,デジタルカメラ・ビデオカメラに！！ Fotopro DIGI-204は、運動会などのイベントや家族旅行などアウトドア活動に最適な4段三脚です。 重量570g、収納長38cmという軽量・コンパクトサイズながら、3WAY雲台・クイックシュー・水準器を装備した本格派。 最大120cmまで伸ばすことができる脚とセンターポールを備えており、さまざまな撮影環境に対応します。 カメラ取り付け用のネジは1/4インチを採用し、国内販売のご家庭用のカメラのほとんどに対応します。 初めて三脚をお探しの方、軽量で持ち運びやすい三脚をお探しの方におすすめします！ 【主な仕様】 脚最大径 20mm 段数 4段&nbsp; 全高 1200mm 脚パイプ素材 アルミ合金 縮長 380mm 最低高 390mm 重量 570g 最大積載 1.5kg カメラ取付ネジ 1/4インチ 付属品※ 収納ケース、クイックシュー オプション仕様 スマートフォンホルダー 取付可能幅：5.5から8.5cm 材質：ABS樹脂＋金属 カメラネジ：UNC1/4 【WH(ホワイト)仕様も選べます！】 女性に人気の高いおしゃれなDIGI-204WHの商品ページはこちら 【クイックシュー単体販売】 紛失時や複数カメラの同時使用に。クイックシュー単体の購入はこちら,【全国送料無料】Fotoproの三脚DIGI-204は、デジタルカメラやビデオカメラに最適な軽量・コンパクト設計で、運動会や家族旅行などのアウトドア活動におすすめです。最大120cmまで伸びる4段構造で、570gの軽さを誇り、持ち運びに便利。また、クイックシューや水準器を搭載し、魅力の格安さと初心者にも優しい仕様で、最安値でお求めいただけます。今ならセール中で、撮影の幅を広げるチャンスです！,"[""三脚"", ""デジカメ"", ""アウトドア"", ""軽量"", ""スマートフォンホルダー""]",2025-09-25,楽天,"[{""date"": ""2025-09-25"", ""price"": 2970}]",rakuten,1
kobe-beauty-labo:10000074,＼クーポンで最大40%OFF／ 《SALONIA公式店》楽天1位 獲得 【SALONIA サロニア ストレート ヘアアイロン 15mm 24mm 35mm】送料無料 1年保証 耐熱ポーチ付き 人気 おすすめ プレゼント ドライヤー コテ ストレートアイロン [セール 〜9/26 23:59],3828,https://thumbnail.image.rakuten.co.jp/@0_mall/kobe-beauty-labo/cabinet/thum/main-salo6_40off.jpg?_ex=128x128,https://item.rakuten.co.jp/kobe-beauty-labo/main-salo6/?rafcid=wsc_i_is_1078634049212507155,https://shopping.yahoo.co.jp/search?p=%EF%BC%BC%E3%82%AF%E3%83%BC%E3%83%9D%E3%83%B3%E3%81%A7%E6%9C%80%E5%A4%A740%25OFF%EF%BC%8F%20%E3%80%8ASALONIA%E5%85%AC%E5%BC%8F%E5%BA%97%E3%80%8B%E6%A5%BD%E5%A4%A91%E4%BD%8D%20%E7%8D%B2%E5%BE%97%20%E3%80%90SALONIA%20%E3%82%B5%E3%83%AD%E3%83%8B%E3%82%A2%20%E3%82%B9%E3%83%88%E3%83%AC%E3%83%BC%E3%83%88%20%E3%83%98%E3%82%A2%E3%82%A2%E3%82%A4%E3%83%AD%E3%83%B3%2015mm%2024mm%2035mm%E3%80%91%E9%80%81%E6%96%99%E7%84%A1%E6%96%99%201%E5%B9%B4%E4%BF%9D%E8%A8%BC%20%E8%80%90%E7%86%B1%E3%83%9D%E3%83%BC%E3%83%81%E4%BB%98%E3%81%8D%20%E4%BA%BA%E6%B0%97%20%E3%81%8A%E3%81%99%E3%81%99%E3%82%81%20%E3%83%97%E3%83%AC%E3%82%BC%E3%83%B3%E3%83%88%20%E3%83%89%E3%83%A9%E3%82%A4%E3%83%A4%E3%83%BC%20%E3%82%B3%E3%83%86%20%E3%82%B9%E3%83%88%E3%83%AC%E3%83%BC%E3%83%88%E3%82%A2%E3%82%A4%E3%83%AD%E3%83%B3%20%5B%E3%82%BB%E3%83%BC%E3%83%AB%20%E3%80%9C9/26%2023%3A59%5D,https://amzn.to/46zr68v,pages/kobe-beauty-labo_10000074.html,"{""main"": ""美容・健康"", ""sub"": ""美容家電""}",最大40%OFFのセール中！今が買い時です。,現在、SALONIAのストレートヘアアイロンが3828円で販売されており、クーポンを適用することで最大40%の割引が受けられます。通常、こういった人気商品のセールは短期間で終了することが多いため、今が購入の絶好のタイミングです。また、楽天ポイント還元率が1%であるため、実質的には3828円の1%である38円分のポイントも付与されます。過去の価格履歴においても、3828円が最安値であるため、特にこの機会を逃すことはおすすめできません。セール終了は9月26日23:59までなので、早めに購入することをお勧めします。,≫当店からのメールが届かないお客様はこちら ≫特定商取引法に基づく表記はこちら 商品名 【SALONIA】ストレートアイロン 商品区分 家電 商品内容 詳しくはこちら＞＞ PSマーク種類 PSE 届出事業者名 Artemis 登録検査機関名称 NTEK メーカー名 株式会社I－ne 広告文責 株式会社I－ne 0800-222ー2578 ○様々なシーンで利用できます○ プレゼント ギフト 年末年始 母の日 父の日 御中元 お中元 お見舞い 暑中御見舞 残暑御見舞 敬老の日 記念日 節分 卒業 卒園 バレンタインデー ホワイトデー ひな祭り お花見 ハロウィン クリスマス 冬ギフト お歳暮 御歳暮御祝 御礼 謝礼 御挨拶 粗品 贈答品 お土産 手土産 贈りもの お返し 引き出物 お祝い 結婚祝い 結婚内祝い 出産祝い 出産内祝い 快気祝い 快気内い プチギフト 七五三 入学式 開店祝い 開業祝い 新築祝い 誕生祝い 入学祝い 就職祝い ○ワード/用途○ ヘアアイロン ストレートアイロン ストレート ヘアアイロン ストレート アイロン 髪 ヘア メンズ スリム チタニウム サロニア SALONIA さろにあ おすすめ 傷みづらい 傷みにくい 美容師 くせ毛 海外対応 hair straightener 持ち運び 旅行 旅行用 ストレートアイロン 旅行用アイロン 商品名 SALONIA スピーディーイオンドライヤー 商品区分 家電 商品内容 詳しくはこちら＞＞ PSマーク種類 PSE 届出事業者名 Artemis 登録検査機関名称 NTEK メーカー名 株式会社I－ne 広告文責 株式会社I－ne 0800-222ー2578 ○様々なシーンで利用できます○ プレゼント ギフト 年末年始 母の日 父の日 御中元 お中元 お見舞い 暑中御見舞 残暑御見舞 敬老の日 記念日 節分 卒業 卒園 バレンタインデー ホワイトデー ひな祭り お花見 ハロウィン クリスマス 冬ギフト お歳暮 御歳暮御祝 御礼 謝礼 御挨拶 粗品 贈答品 お土産 手土産 贈りもの お返し 引き出物 お祝い 結婚祝い 結婚内祝い 出産祝い 出産内祝い 快気祝い 快気内い プチギフト 七五三 入学式 開店祝い 開業祝い 新築祝い 誕生祝い 入学祝い 就職祝い ○ワード/用途○ ドライヤー ヘアドライヤー 速乾 強風 大風量 風量 大風速 時短 マイナスイオン 軽量 軽い コンパクト ターボ 美容師 美髪 メンズ レディース 男性 女性 ジェンダーレス 人気 ランキング おすすめ 温度 おしゃれ 口コミ くせ毛 ツヤ ノズル 冷風 話題 SALONIA サロニア さろにあ 旅行 用 軽量 旅行用 カールドライヤー 商品名 YOLU カームナイトリペアシャンプー YOLU カームナイトリペアトリートメント 商品区分 化粧品 商品内容 詳しくはこちら＞＞ メーカー名 株式会社I－ne 広告文責 株式会社I－ne 0800-222ー2578 ○様々なシーンで利用できます○ プレゼント ギフト 年末年始 母の日 父の日 御中元 お中元 お見舞い 暑中御見舞 残暑御見舞 敬老の日 記念日 節分 卒業 卒園 バレンタインデー ホワイトデー ひな祭り お花見 ハロウィン クリスマス 冬ギフト お歳暮 御歳暮御祝 御礼 謝礼 御挨拶 粗品 贈答品 お土産 手土産 贈りもの お返し 引き出物 お祝い 結婚祝い 結婚内祝い 出産祝い 出産内祝い 快気祝い 快気内い プチギフト 七五三 入学式 開店祝い 開業祝い 新築祝い 誕生祝い 入学祝い 就職祝い ○ワード/用途○詳細を見る ＞ 詳細を見る ＞ ご覧の商品,《SALONIA公式店》のストレートヘアアイロンが、最大40%OFFでお得なセール中！楽天1位を獲得した人気アイテムで、15mm、24mm、35mmの3サイズを用意。送料無料で、1年保証付き。耐熱ポーチも付いており、プレゼントにも最適な格安商品です。くせ毛や髪の傷みを気にせず、おしゃれなストレートヘアを手軽に実現しましょう。,"[""毛髪ケア"", ""美容家電"", ""ストレートアイロン"", ""セール"", ""ギフト""]",2025-09-25,楽天,"[{""date"": ""2025-09-25"", ""price"": 3828}]",rakuten,1
kobe-beauty-labo:10000050,《SALONIA公式店》【SALONIA サロニア 2WAY ストレート & カール アイロン 32mm 】送料無料 1年保証 海外対応 ストレート カール hk プレゼント ギフト コテ 32mm ヘアードライヤー 海外旅行 トラベル ヘアアイロン 2way [セール 〜9/26 23:59],4708,https://thumbnail.image.rakuten.co.jp/@0_mall/kobe-beauty-labo/cabinet/salonia_img/thum/sal002_20250901/imgrc0098349405.jpg?_ex=128x128,https://item.rakuten.co.jp/kobe-beauty-labo/main-salo3/?rafcid=wsc_i_is_1078634049212507155,https://shopping.yahoo.co.jp/search?p=%E3%80%8ASALONIA%E5%85%AC%E5%BC%8F%E5%BA%97%E3%80%8B%E3%80%90SALONIA%20%E3%82%B5%E3%83%AD%E3%83%8B%E3%82%A2%202WAY%20%E3%82%B9%E3%83%88%E3%83%AC%E3%83%BC%E3%83%88%20%26%20%E3%82%AB%E3%83%BC%E3%83%AB%20%E3%82%A2%E3%82%A4%E3%83%AD%E3%83%B3%2032mm%20%E3%80%91%E9%80%81%E6%96%99%E7%84%A1%E6%96%99%201%E5%B9%B4%E4%BF%9D%E8%A8%BC%20%E6%B5%B7%E5%A4%96%E5%AF%BE%E5%BF%9C%20%E3%82%B9%E3%83%88%E3%83%AC%E3%83%BC%E3%83%88%20%E3%82%AB%E3%83%BC%E3%83%AB%20hk%20%E3%83%97%E3%83%AC%E3%82%BC%E3%83%B3%E3%83%88%20%E3%82%AE%E3%83%95%E3%83%88%20%E3%82%B3%E3%83%86%2032mm%20%E3%83%98%E3%82%A2%E3%83%BC%E3%83%89%E3%83%A9%E3%82%A4%E3%83%A4%E3%83%BC%20%E6%B5%B7%E5%A4%96%E6%97%85%E8%A1%8C%20%E3%83%88%E3%83%A9%E3%83%99%E3%83%AB%20%E3%83%98%E3%82%A2%E3%82%A2%E3%82%A4%E3%83%AD%E3%83%B3%202way%20%5B%E3%82%BB%E3%83%BC%E3%83%AB%20%E3%80%9C9/26%2023%3A59%5D,https://amzn.to/46zr68v,pages/kobe-beauty-labo_10000050.html,"{""main"": ""美容・健康"", ""sub"": ""ヘアケア""}",最安値! 現在価格4708円、ポイント還元1%! ,現在のSALONIA 2WAY ストレート & カール アイロンの価格は4708円で、過去に上昇したことがなく、最安値と言える状況です。さらに、楽天ポイント還元率は1%で、購入金額の47円分がポイントとして還元されるため、実質的な負担は4651円になります。セールが開催されている期間（〜9/26 23:59）に購入すれば、通常よりもお得に商品を手に入れることができます。この機会を逃さず、お得にゲットしましょう。,≫当店からのメールが届かないお客様はこちら ≫特定商取引法に基づく表記はこちら 商品名 【SALONIA】2WAYストレート＆カールヘアアイロン 32mm 商品区分 家電 商品内容 詳しくはこちら＞＞ PSマーク種類 PSE 届出事業者名 Artemis 登録検査機関名称 NTEK メーカー名 株式会社I－ne 広告文責 株式会社I－ne 0800-222ー2578 ○様々なシーンで利用できます○ プレゼント ギフト 年末年始 母の日 父の日 御中元 お中元 お見舞い 暑中御見舞 残暑御見舞 敬老の日 記念日 節分 卒業 卒園 バレンタインデー ホワイトデー ひな祭り お花見 ハロウィン クリスマス 冬ギフト お歳暮 御歳暮御祝 御礼 謝礼 御挨拶 粗品 贈答品 お土産 手土産 贈りもの お返し 引き出物 お祝い 結婚祝い 結婚内祝い 出産祝い 出産内祝い 快気祝い 快気内い プチギフト 七五三 入学式 開店祝い 開業祝い 新築祝い 誕生祝い 入学祝い 就職祝い ○ワード/用途○ ヘアアイロン カールアイロン 2wayアイロン コテ ヘアアイロンカール アイロン 髪 ヘア チタニウム コテ ツヤ キープ サロニア SALONIA さろにあ おすすめ 傷みづらい 傷みにくい 美容師 くせ毛 海外対応 32mm hair straightener,《SALONIA公式店》から格安な【SALONIA 2WAY ストレート & カール アイロン 32mm】が登場！送料無料で1年保証付きのこのアイロンは、ストレートもカールも簡単に楽しめる優れもの。海外対応で旅行にも最適です。セールは9月26日まで！いつでも美しい髪をキープするためのアイテムを手に入れるチャンスをお見逃しなく。,"[""ヘアアイロン"", ""カールアイロン"", ""ストレート"", ""2way"", ""サロニア""]",2025-09-25,楽天,"[{""date"": ""2025-09-25"", ""price"": 4708}]",rakuten,1
mrock:10012094,【ケノン 公式 最新バージョン】日本製 脱毛器 ランキング578週1位※レビュー19万件美顔器 家庭用 ムダ毛 ヒゲ ボディ メンズ レディース アンダーヘア レーザー 髭 光美容器 脱毛器ケノン公式 VIO ひげ 顔 光脱毛器※詳細ペ-ジ内※9売れ筋ホーム セルフ,79800,https://thumbnail.image.rakuten.co.jp/@0_mall/mrock/cabinet/k/sp2/imgrc0080344128a.jpg?_ex=128x128,https://item.rakuten.co.jp/mrock/ke-non/?rafcid=wsc_i_is_1078634049212507155,https://shopping.yahoo.co.jp/search?p=%E3%80%90%E3%82%B1%E3%83%8E%E3%83%B3%20%E5%85%AC%E5%BC%8F%20%E6%9C%80%E6%96%B0%E3%83%90%E3%83%BC%E3%82%B8%E3%83%A7%E3%83%B3%E3%80%91%E6%97%A5%E6%9C%AC%E8%A3%BD%20%E8%84%B1%E6%AF%9B%E5%99%A8%20%E3%83%A9%E3%83%B3%E3%82%AD%E3%83%B3%E3%82%B0578%E9%80%B11%E4%BD%8D%E2%80%BB%E3%83%AC%E3%83%93%E3%83%A5%E3%83%BC19%E4%B8%87%E4%BB%B6%E7%BE%8E%E9%A1%94%E5%99%A8%20%E5%AE%B6%E5%BA%AD%E7%94%A8%20%E3%83%A0%E3%83%80%E6%AF%9B%20%E3%83%92%E3%82%B2%20%E3%83%9C%E3%83%87%E3%82%A3%20%E3%83%A1%E3%83%B3%E3%82%BA%20%E3%83%AC%E3%83%87%E3%82%A3%E3%83%BC%E3%82%B9%20%E3%82%A2%E3%83%B3%E3%83%80%E3%83%BC%E3%83%98%E3%82%A2%20%E3%83%AC%E3%83%BC%E3%82%B6%E3%83%BC%20%E9%AB%AD%20%E5%85%89%E7%BE%8E%E5%AE%B9%E5%99%A8%20%E8%84%B1%E6%AF%9B%E5%99%A8%E3%82%B1%E3%83%8E%E3%83%B3%E5%85%AC%E5%BC%8F%20VIO%20%E3%81%B2%E3%81%92%20%E9%A1%94%20%E5%85%89%E8%84%B1%E6%AF%9B%E5%99%A8%E2%80%BB%E8%A9%B3%E7%B4%B0%E3%83%9A-%E3%82%B8%E5%86%85%E2%80%BB9%E5%A3%B2%E3%82%8C%E7%AD%8B%E3%83%9B%E3%83%BC%E3%83%A0%20%E3%82%BB%E3%83%AB%E3%83%95,https://amzn.to/46zr68v,pages/mrock_10012094.html,"{""main"": ""美容・健康"", ""sub"": ""美容""}",今が買い時！最安値79800円、楽天ポイント還元1%！,現在のケノン脱毛器の価格は79800円で、過去の価格と比較して特に変動が見られませんが、購入時に得られる1%のポイント還元があるため、実質的な負担額は少し軽減されます。全体的に見ると、この価格帯で同等の機能を持つ脱毛器は希少であるため、特に家庭用の光美容器を探している方にはお勧めのタイミングです。また、レビュー数も多く、消費者からの信頼性が高い商品として位置づけられているため、今すぐの購入が良いでしょう。,"2022年4月以降、付属カートリッジのお肌に触れるフレームの部分が樹脂からセラミックに変更 　それに伴い名称が「スーパープレミアム」から「スーパープレミアム2」に変更 2021/12/14現在、すでに日本国内だけで驚きの受注数100万台を突破！ 正規店になります。学割サービスは　子供　に代わり、親御様にご注文されても適用されます。 ▼ケノンの実績を一部ご紹介(脱毛きランキングの実績)▼ 楽天市場 デイリーランキング第1位 獲得 脱毛器 部門　2021/1/3集計分　2021/1/4発表分 楽天市場 デイリーランキング第1位 獲得 脱毛器 部門　2021/1/2集計分　2021/1/3発表分 楽天市場 デイリーランキング第1位 獲得 脱毛器 部門　2021/1/1集計分　2020/1/2発表分 楽天市場 デイリーランキング第1位 獲得 脱毛器 部門　2020/12/29集計分　2020/12/30発表分 楽天市場 デイリーランキング第1位 獲得 脱毛器 部門　2020/12/28集計分　2020/12/29発表分 楽天市場 デイリーランキング第1位 獲得 脱毛器 部門　2020/12/27集計分　2020/12/28発表分 楽天市場 デイリーランキング第1位 獲得 脱毛器 部門　2020/12/26集計分　2020/12/27発表分 お試しセット お客様がケノンする理由の一例：自分へのご褒美 肌見せ服を着る為 ケノン (ke-non) 家庭用 脱毛器 フラッシュ式 シャンパンゴールド NIPL-2080-KEBL [ケノン KE-NON 光美容器 マットブラック(ツヤ消し)] NIPL-2080-KEPW [ケノン ke-non 光美容器 パールホワイト] 楽天市場週間フラッシュ脱毛器ランキング1位　2020/6/10更新 (集計期間：2020/6/1〜2020/6/7) ケノン (ke-non) 家庭用 フラッシュ式 シャンパンゴールド エムテック 光美容器 KE-NON 日本製 家庭用 フラッシュ式 エムテック 光美容器 KE-NON 日本製 家庭用 フラッシュ式 マットブラック (ツヤ消し) 無痛　ではありません 簡単　レディース　OK こちらの商品ページで販売しているケノンには、 ケノン スーパープレミアム カートリッジが標準で装着されています。 付属品でサングラスが付いています。 エムロック KE-NON（ケノン） ケノンは　業務用　にご利用をいただけません。光美容器 電気 機器 エムテック KE-NON 日本製 専用カートリッジ付 家庭用 フラッシュ式 パールホワイト 受取の際、宅配ボックスを希望の方は、 ご注文時の備考欄に「宅配ボックス希望」と記載して下さい。 ローンはローン登録時、支払い回数ごとに月々いくらで支払うか　シミ　ュレーション　が何度も出来ます。 お客様からケノン公式は　どれ　とご質問をいただきますが、当店は公式になります。 肛門周りのIOラインにご使用される方もいますが、色素沈着している部分には使用できません。 メーカー希望小売価格はメーカーサイトに基づいて掲載しています ケノン利用規約はこちら 特定商取引法に基づく表記 よくあるご質問 Q.どのくらいの頻度で使用すればよいでしょうか？ A.同じ個所へ照射する場合は、1週間程の期間を空けてご利用ください。最低4〜5回は繰り返していただき、5回目以降はお肌の様子を見ながらご利用ください。 ケノンは全国送料無料です。 ▼ケノンと同時注文できる商品(一部)▼ ・電動フェイスシェーバー(トリマー) ・電動ボディシェーバー(水洗いできる) ・電動鼻毛カッター ・電動背中用シェーバー(トリマー) ・EMSマシン ・アンダースタイルガイド 男性用、女性用にもなります。 ・カップル お揃い プレゼント ・退職　プチギフト ・おもしろ プレゼント ・還暦祝い ・誕生日プレゼント ・バレンタイン プレゼント ・ホワイトデー お返し ・母の日 ・父の日 ・クリスマスプレゼント ・敬老の日プレゼント ・就職祝い ・成人祝い ・ギフト ・退職祝い でご注文される方が増えています。 ケノンのスキンケアカートリッジを気になる毛穴に使用される方がいます。 ケノンのカートリッジの　ケア　方法。▼ ケノンはカートリッジの照射面が汚れます。 この為、無水エタノールを布巾に垂らして、カートリッジの照射部分を拭いてください。 こちらがケノンのメーカーが推奨している　ケア　方法です。 現在、外出が難しい時期で、気持ちが　たるみ　やすいです。 多くの方が気持ちの　たるみ　やすい時期に賢い方は処理をしています。 顔用　にもなります。 使い方は簡単です。 年配の方でもケノンの使い方は簡単だったとお喜び頂いています。ケノン利用規約はこちら 【ケノンのお問い合わせ】 ご購入前のご質問・ご相談はこちら 通話無料0120-989-771 スマートフォンからでもつながります 営業時間 11:00?17:00（土日祝日はお休み） ケノン 仕様 品名・形式 ケノン（KE-NON） 熱量調整 10段階 本体サイズ W215mm×D290mm×H90mm プローブ重量 約120g 総重量 約1.6kg 安全装置 Touch Sensor 動作条件 温度:5?35℃／湿度:30?80％RH 保管条件 温度:-20?80℃／湿度:0?95％RH 定格 定格入力:AC100V/AC200V,周波数50Hz/60Hz,入力電圧範囲:AC90V?240V,最大電力:220W 製造国 日本 ケノン オプション品 カートリッジ仕様 【エクストララージカートリッジ】 照射範囲：W3.7cm×H2.5cm＝9.25cm2 照射数（LV1利用時）：200,000発 照射数（LV10利用時）：10,000発 【ストロングカートリッジ】 照射範囲：W3.0cm×H1.5cm＝4.5cm2 照射数（LV1利用時）：85,714発 照射数（LV10利用時）：10,000発 【ラージカートリッジ】 照射範囲：W3.5cm×H2.0cm＝7.0cm2 照射数（LV1利用時）：200,000発 照射数（LV10利用時）：13,043発 【美顔スキンケアカートリッジ】 照射範囲：W3.0cm×H1.5cm＝4.5cm2 照射数（LV1利用時）：200,000発 照射数（LV10利用時）：42,857発 配送、ヤマト運輸の営業所止めについて",最新バージョンのケノン脱毛器は、家庭で手軽に使用できる光美容器です。日本製で、578週連続で脱毛器ランキング1位を獲得し、19万件以上のレビューも信頼の証です。新しい「スーパープレミアム2」カートリッジ搭載で、効率的な脱毛を実現。リーズナブルな価格で、男女問わず使用できるため、特別なセールや割引も見逃せません。今こそ、自宅で簡単、痛みを抑えてムダ毛処理を始めるチャンスです！,"[""脱毛器"", ""家庭用"", ""光美容器"", ""日本製"", ""セール""]",2025-09-25,楽天,"[{""date"": ""2025-09-25"", ""price"": 79800}]",rakuten,1
motebeauty:10000472,美顔器 エビス ツインエレナイザープレミアム イオン導入 高周波 RF イオンクレンジング クール HOT 超音波美顔器 ランキング1位 リフトアップ シミ 毛穴 たるみ ほうれい線 プレゼント 人気【ebis 正規販売店】・送料無料・海外使用可能・日本製 プレゼント ギフト,29700,https://thumbnail.image.rakuten.co.jp/@0_mall/motebeauty/cabinet/i/3/675.jpg?_ex=128x128,https://item.rakuten.co.jp/motebeauty/sa-ebi-fa-u-00007/?rafcid=wsc_i_is_1078634049212507155,https://shopping.yahoo.co.jp/search?p=%E7%BE%8E%E9%A1%94%E5%99%A8%20%E3%82%A8%E3%83%93%E3%82%B9%20%E3%83%84%E3%82%A4%E3%83%B3%E3%82%A8%E3%83%AC%E3%83%8A%E3%82%A4%E3%82%B6%E3%83%BC%E3%83%97%E3%83%AC%E3%83%9F%E3%82%A2%E3%83%A0%20%E3%82%A4%E3%82%AA%E3%83%B3%E5%B0%8E%E5%85%A5%20%E9%AB%98%E5%91%A8%E6%B3%A2%20RF%20%E3%82%A4%E3%82%AA%E3%83%B3%E3%82%AF%E3%83%AC%E3%83%B3%E3%82%B8%E3%83%B3%E3%82%B0%20%E3%82%AF%E3%83%BC%E3%83%AB%20HOT%20%E8%B6%85%E9%9F%B3%E6%B3%A2%E7%BE%8E%E9%A1%94%E5%99%A8%20%E3%83%A9%E3%83%B3%E3%82%AD%E3%83%B3%E3%82%B01%E4%BD%8D%20%E3%83%AA%E3%83%95%E3%83%88%E3%82%A2%E3%83%83%E3%83%97%20%E3%82%B7%E3%83%9F%20%E6%AF%9B%E7%A9%B4%20%E3%81%9F%E3%82%8B%E3%81%BF%20%E3%81%BB%E3%81%86%E3%82%8C%E3%81%84%E7%B7%9A%20%E3%83%97%E3%83%AC%E3%82%BC%E3%83%B3%E3%83%88%20%E4%BA%BA%E6%B0%97%E3%80%90ebis%20%E6%AD%A3%E8%A6%8F%E8%B2%A9%E5%A3%B2%E5%BA%97%E3%80%91%E3%83%BB%E9%80%81%E6%96%99%E7%84%A1%E6%96%99%E3%83%BB%E6%B5%B7%E5%A4%96%E4%BD%BF%E7%94%A8%E5%8F%AF%E8%83%BD%E3%83%BB%E6%97%A5%E6%9C%AC%E8%A3%BD%20%E3%83%97%E3%83%AC%E3%82%BC%E3%83%B3%E3%83%88%20%E3%82%AE%E3%83%95%E3%83%88,https://amzn.to/46zr68v,pages/motebeauty_10000472.html,"{""main"": ""美容・健康"", ""sub"": ""美容機器""}",現在の価格29700円は最適！1%のポイント還元も見逃せない。,現在の美顔器「エビス ツインエレナイザープレミアム」は29700円で提供されており、過去の価格履歴ではこれ以上の値下がりは確認できていません。加えて、楽天ポイントの還元率は1%となっているため、297円相当のポイントが還元され、このような人気商品をお得に購入する機会です。また、特に美顔器は定期的にセールとなることも少ないため、在庫があるうちに購入するのが賢明です。リフトアップやイオンクレンジングといった機能に魅力を感じる方は、ぜひこのタイミングを利用しましょう。,"メーカー希望小売価格はメーカーサイトに基づいて掲載しています商品説明シリーズ累計46万台突破！20年以上美顔器開発実績のある信頼の美顔器メーカーエビス【ebis】の最高峰美顔器ツインエレナイザープレミアム。1台6役4つのモードを搭載。ブランド売上NO.1美顔器！1．毛穴の奥の汚れを取り除く「イオンクレンジング」2．超音波+イオン導入で美容成分を200倍浸透させる「ツイン導入」3．高周波（RF）+超音波+温熱（HOT）で温め引き上げる「トリプルパワー」4．冷やして毛穴キメを整える「クールモード」で美肌に必要なケアを1台で行うことが可能に。さらに初の「肌弾力センサー」を搭載。お肌のハリ・状態に合わせて強さを自動で変えてくれるためよりあなたのお肌に合ったお手入れが可能になりました。そのため操作ボタンは1つだけ、美顔器を初めて使う方でも簡単に使うことができます。商品名エビス〔ebis〕ツインエレナイザープレミアムセット内容セット内容:・ツインエレナイザーPREMIUM本体・モイスチャーローション(化粧水) 125ml・ビタミンC VC+PLUS 20ml・植物性プラセンタ 10ml・植物性コラーゲン 10ml・イーエスエッセンシャルジェル 105g【当店オリジナル特典】・ポーチ■スペック（ツインエレナイザーPREMIUM）サイズ：W5×H17×D4.6cm重量：約160g電源：充電式 100-240V(海外での使用可能)素材：ABS樹脂(本体・コットンリング)ステンレスコーティング(リングヘッド)チタンコーティング(サークルヘッド)クロムコーティング(リフトブースター)保証期間：1年製造国：日本・アダプター・コットンリング全成分各商品ページにてご確認下さい。使用方法1.『ツインエレナイザー　プレミアム』を「CLEANSING」にして、コットンに『モイスチャーローション』を含ませ、3分間ケアを行います。2.美容液をなじませた後ジェルをつけて、『ツインエレナイザー　プレミアム』を「TWIN」にして、4分間ケアを行います。3.最後に、『ツインエレナイザー　プレミアム』を「TRIPLE」にして、3分間ケアを行います。4.仕上げにクールモードでお肌をひきしめ、キメとハリを整えます。※2.3のトリートメントの最中、肌が乾いてきたらジェルなどで肌をうるおわせてください。注意事項・妊娠中はご使用をお控えください。・お肌に異常を感じた場合はすぐにご使用をおやめください。・必ず説明書の注意事項を読んでからご使用ください。・防水加工ではございませんので、お風呂での使用はいただけません。・ヘッド部分はアレルギーが起きにくい各種コーティングを施しておりますが、金属アレルギーの方は腕などでパッチテストをオススメしております。・美顔器と一緒に使う化粧品はお手持ちの物もご利用いただけます。※香料・着色料・パラベン等お肌に悪いものが入っていないものをお使いください※購入数によっては販売制限をさせて頂く場合がございます。種別美顔器区分/発売元日本製 化粧品/発売元:(株)エビス日本製 美顔器/発売元:(株)エビス広告文責株式会社スターアベニュー03-5983-3366/美顔器/美顔器 リフトアップ/シミ/超音波/高周波/イオン導入./美容器/美顔機/エビス化粧品//#27000#/*20160719*/楽天内最安値に挑戦中！美顔器部門129週1位受賞 レビュー総数27,301件更新中（2025年8月6日時点）",エビスのツインエレナイザープレミアムは、毛穴の汚れをしっかり落とし、美容成分を200倍浸透させる最先端美顔器です。高周波と超音波機能を搭載し、冷却モードで肌を引き締めることでリフトアップ効果を実現。初めてでも簡単に使用できる1ボタン操作で、海外でも使える充電式。今なら特別価格で手に入るチャンス！あなたの美肌ケアをサポートする、格安で最安値の一台です。,"[""美顔器"", ""リフトアップ"", ""イオン導入"", ""高周波"", ""超音波""]",2025-09-25,楽天,"[{""date"": ""2025-09-25"", ""price"": 29700}]",rakuten,1
